samples,scores
ACAGCCTCGAGATCTACACCTCGTATAGCA,4
TGTTTCGTGGGGAATTGACCCCAAACAGTG,8
TGTCCTTACGGTCGTCATCGCGTCACTCCT,3
CTACGATAGAGCCACGTGGCTCTGCTCTTG,6
ACCGGGTGGCCTTAGACATGGCCCACTGCA,4
TTAGGCGCTTACCGGAATTTAAGCGCAAGG,7
TCCTGACCCGTCGGGACTTACGGAGACCTA,5
CATATACTCGTGTGTCACGTCGAGCCTGTT,4
TTAGGCCACCTTTTATTTTCGGTTGTAGGC,6
GGCAGTGCACGATTCGATCTGTGGGACTGC,10
AGTCTCCGCCAACACCATAGGGCAGCGTCC,3
CAAGTAATCGCTCCTTGATTCGAATACTCT,7
CTACGATAGGAGTTGAGGGACCTGAGACTG,3
CTATGGAGTGACGGGCTATACACATTCCTC,3
CCCCCTTCAGGTAGAATTAGCTGGAGGTTA,8
CCGATCCCTGTGGAGCTTTTCAGGCCCAGG,5
ATCCCGCGCGCTTTGCAACTCGCCCCTGTG,3
GATTGTCCCGAGGCCGTGACCGGGGATGTC,4
TCATTCTGTGATTCGTAAATCACCTAACCC,6
CGCGACCTTACCTCAACGGGTAATATATAG,5
CCCCTCTCGGAAGGCGACGACCGAAATTTT,4
GTTCTTGCCGGTCCACATCTCGGGCGTAAG,3
ACACTTAAACTCACGCCTCAGTTTGAATTG,5
AACCGATAATGAGAAGCTGAATTATAGGAT,7
GAAATTGACCACATAAGCTGGGTACTACTA,3
TAATCTAGTGCTCTCTTATACACGCGGCTC,3
ACCGCTTCGATATGGCACAGTCGAGTATAT,5
TCGAATGCTCCTATAATTGGGAGCGGACCA,5
TCGTAGATAATTTGAGAGAATTACAAAATA,7
CTAGTACGCTCTCGTGATTCAGCGTCACTG,5
GTGCCCGCACGATAGCGTCCGTGTTGTAGT,4
TGGACCACAACGGCGCAATGTTGATACGCT,4
GCTCCAACGACTCCATAGCCTCGGTTAGAA,3
ATTCCGTGTGCGTGTGAACTCACTGAGAAC,5
ACTATCCTGTTATGGACCATACAATATAGA,7
ACAATGCAGTGCCGGGTAATACTGTCCCTA,4
AGCGTGGGTTTAAAATAGCTAACTCGCGCT,7
CAAACGCGAGGGTCGAGCTCCTCTATAAGT,4
GCCATCGTCAGACGTTTGCTTGACGAGGGG,8
ATGCTTCTCAAAACTTGTAGTGAGGGATAG,5
AGGGGCATTAAGAAACGAGTTAATAGCACT,8
CTTACTCTATTCTTCATGTAATAGTTGTTT,7
ACGCGAGATCAAATCAACAGGATCAGCTGG,6
CAAACCTCCAGCCCCAGGGGTGGATAGAGA,5
CGCGTTCAATAATTACGGGAATTGGAGCGC,7
CGCCACATCAACGTCGCGGTTGAAGGGATG,7
AAGCGTCCGGCGATCGATGGCCGGAAGCTC,10
GCTCCACAGTATTCCCTGCTACTCTGGACG,7
CACACAGTGCACATTCCAAGGCAGTACTAT,4
GCATTGTAAGACGTTAGTGACTTAAAATAT,7